c_positions,sequence,prediction,probability,Scores for this whole sequence
11,CTGGCCTCCGCCGCGCGCTCC,0,0.18485875576734542,0.4484089849820761
12,TGGCCTCCGCCGCGCGCTCCT,0,0.14034020863473415,0.4484089849820761
14,GCCTCCGCCGCGCGCTCCTCC,0,0.0901375973597169,0.4484089849820761
16,CTCCGCCGCGCGCTCCTCCTC,0,0.10915905348956585,0.4484089849820761
18,CCGCCGCGCGCTCCTCCTCGT,0,0.1479146048426628,0.4484089849820761
20,GCCGCGCGCTCCTCCTCGTCC,0,0.04704405944794417,0.4484089849820761
21,CCGCGCGCTCCTCCTCGTCCC,0,0.051645615976303814,0.4484089849820761
23,GCGCGCTCCTCCTCGTCCCAG,0,0.07645844221115113,0.4484089849820761
24,CGCGCTCCTCCTCGTCCCAGC,0,0.07479235306382179,0.4484089849820761
26,CGCTCCTCCTCGTCCCAGCGC,0,0.49517538249492643,0.4484089849820761
29,TCCTCCTCGTCCCAGCGCTAG,0,0.10538423489779233,0.4484089849820761
30,CCTCCTCGTCCCAGCGCTAGC,0,0.06840499034151434,0.4484089849820761
31,CTCCTCGTCCCAGCGCTAGCG,0,0.08802178064361214,0.4484089849820761
34,CTCGTCCCAGCGCTAGCGGGC,0,0.3468308046460152,0.4484089849820761
36,CGTCCCAGCGCTAGCGGGCAC,1,0.5733802080154419,0.4484089849820761
40,CCAGCGCTAGCGGGCACGCGG,0,0.4730170346796513,0.4484089849820761
44,CGCTAGCGGGCACGCGGTTCC,1,0.6868034809827804,0.4484089849820761
46,CTAGCGGGCACGCGGTTCCTT,0,0.25608254596590996,0.4484089849820761
48,AGCGGGCACGCGGTTCCTTTT,0,0.21407043263316156,0.4484089849820761
53,GCACGCGGTTCCTTTTTGCGA,0,0.16624084301292896,0.4484089849820761
54,CACGCGGTTCCTTTTTGCGAG,0,0.16097383974120022,0.4484089849820761
61,TTCCTTTTTGCGAGCTTTCCG,0,0.3578481376171112,0.4484089849820761
65,TTTTTGCGAGCTTTCCGAGTG,0,0.4843099281191826,0.4484089849820761
69,TGCGAGCTTTCCGAGTGCCAG,0,0.1779511697590351,0.4484089849820761
70,GCGAGCTTTCCGAGTGCCAGG,1,0.6550909966230393,0.4484089849820761
76,TTTCCGAGTGCCAGGCGCCGG,0,0.1570788358338177,0.4484089849820761
77,TTCCGAGTGCCAGGCGCCGGC,0,0.131481353379786,0.4484089849820761
81,GAGTGCCAGGCGCCGGCCGGC,0,0.2594303488731384,0.4484089849820761
83,GTGCCAGGCGCCGGCCGGCTG,0,0.13322502411901951,0.4484089849820761
84,TGCCAGGCGCCGGCCGGCTGC,0,0.1465276449918747,0.4484089849820761
87,CAGGCGCCGGCCGGCTGCGAA,0,0.2524973157793283,0.4484089849820761
88,AGGCGCCGGCCGGCTGCGAAG,0,0.23092941306531428,0.4484089849820761
91,CGCCGGCCGGCTGCGAAGACG,1,0.628207004070282,0.4484089849820761
94,CGGCCGGCTGCGAAGACGCGG,1,0.552370685338974,0.4484089849820761
100,GCTGCGAAGACGCGGTGGGCC,0,0.4061306521296501,0.4484089849820761
102,TGCGAAGACGCGGTGGGCCGC,1,0.6646338313817978,0.4484089849820761
109,ACGCGGTGGGCCGCCCCTCCG,0,0.1249429490417242,0.4484089849820761
110,CGCGGTGGGCCGCCCCTCCGA,0,0.20617427937686444,0.4484089849820761
112,CGGTGGGCCGCCCCTCCGATT,0,0.0705934951081872,0.4484089849820761
113,GGTGGGCCGCCCCTCCGATTG,0,0.10793229267001152,0.4484089849820761
114,GTGGGCCGCCCCTCCGATTGA,0,0.10959901865571738,0.4484089849820761
115,TGGGCCGCCCCTCCGATTGAA,0,0.10854063630104065,0.4484089849820761
117,GGCCGCCCCTCCGATTGAAAT,0,0.25729001462459566,0.4484089849820761
118,GCCGCCCCTCCGATTGAAATC,1,0.6930937200784684,0.4484089849820761
128,CGATTGAAATCACAGAAGATA,1,0.9150582253932953,0.4484089849820761
130,ATTGAAATCACAGAAGATATT,1,0.9342946290969849,0.4484089849820761
141,AGAAGATATTCGTGTTCTTCT,1,0.8130170822143554,0.4484089849820761
147,TATTCGTGTTCTTCTTAAGAG,1,0.5259415373206139,0.4484089849820761
150,TCGTGTTCTTCTTAAGAGAAA,1,0.6354234054684639,0.4484089849820761
168,AAAAAGAGGACATTTGCGTAC,0,0.19605943970382214,0.4484089849820761
174,AGGACATTTGCGTACTTTATT,1,0.6479925453662873,0.4484089849820761
178,CATTTGCGTACTTTATTGTCG,0,0.419879874587059,0.4484089849820761
187,ACTTTATTGTCGGCTTCCAAA,1,0.5525855898857117,0.4484089849820761
190,TTATTGTCGGCTTCCAAAGAT,1,0.5030034378170967,0.4484089849820761
193,TTGTCGGCTTCCAAAGATTAC,1,0.6526069492101669,0.4484089849820761
194,TGTCGGCTTCCAAAGATTACT,0,0.332396187633276,0.4484089849820761
203,CCAAAGATTACTAACTTTTAT,1,0.6447174370288848,0.4484089849820761
207,AGATTACTAACTTTTATCTGT,0,0.3742667369544506,0.4484089849820761
214,TAACTTTTATCTGTATCACTA,0,0.17729483330622314,0.4484089849820761
220,TTATCTGTATCACTAAGATTG,1,0.9445925891399384,0.4484089849820761
222,ATCTGTATCACTAAGATTGAA,1,0.5358720742166042,0.4484089849820761
233,TAAGATTGAACTGCCTTGGCT,0,0.15514608863741158,0.4484089849820761
236,GATTGAACTGCCTTGGCTGTA,0,0.14606336317956448,0.4484089849820761
237,ATTGAACTGCCTTGGCTGTAC,0,0.09559247009456158,0.4484089849820761
242,ACTGCCTTGGCTGTACTGCTA,0,0.10799517221748829,0.4484089849820761
247,CTTGGCTGTACTGCTATTCTT,0,0.26722940281033514,0.4484089849820761
250,GGCTGTACTGCTATTCTTACT,0,0.42448214143514634,0.4484089849820761
255,TACTGCTATTCTTACTGCTGC,0,0.06592919435352088,0.4484089849820761
259,GCTATTCTTACTGCTGCTTCT,0,0.053474535886198285,0.4484089849820761
262,ATTCTTACTGCTGCTTCTATT,0,0.20347137302160262,0.4484089849820761
265,CTTACTGCTGCTTCTATTATT,0,0.19024790562689303,0.4484089849820761
268,ACTGCTGCTTCTATTATTGCC,0,0.15975483171641827,0.4484089849820761
277,TCTATTATTGCCTTCTTCAGC,0,0.23439897298812867,0.4484089849820761
278,CTATTATTGCCTTCTTCAGCA,0,0.1555381789803505,0.4484089849820761
281,TTATTGCCTTCTTCAGCACAA,0,0.05000065313652158,0.4484089849820761
284,TTGCCTTCTTCAGCACAATAA,1,0.5271677985787392,0.4484089849820761
287,CCTTCTTCAGCACAATAAGGC,1,0.6485692039132118,0.4484089849820761
289,TTCTTCAGCACAATAAGGCTT,0,0.39389917254447937,0.4484089849820761
297,CACAATAAGGCTTTCAAAAGC,0,0.4551648572087288,0.4484089849820761
301,ATAAGGCTTTCAAAAGCCAAA,0,0.2142296912148595,0.4484089849820761
307,CTTTCAAAAGCCAAAGAATAA,1,0.8354077756404876,0.4484089849820761
308,TTTCAAAAGCCAAAGAATAAC,1,0.5642259567975998,0.4484089849820761
318,CAAAGAATAACAAGAAATAAG,1,0.7366705954074859,0.4484089849820761
329,AAGAAATAAGCACCATTTTAG,1,0.7648599982261658,0.4484089849820761
331,GAAATAAGCACCATTTTAGAA,1,0.8127651512622833,0.4484089849820761
332,AAATAAGCACCATTTTAGAAG,1,0.8657356023788452,0.4484089849820761
343,ATTTTAGAAGCCTTTCCACTA,0,0.3606817588210106,0.4484089849820761
344,TTTTAGAAGCCTTTCCACTAT,0,0.2399638205766678,0.4484089849820761
348,AGAAGCCTTTCCACTATGAAA,1,0.5339254796504974,0.4484089849820761
349,GAAGCCTTTCCACTATGAAAC,1,0.6301354616880417,0.4484089849820761
351,AGCCTTTCCACTATGAAACTT,0,0.4532622128725052,0.4484089849820761
359,CACTATGAAACTTAAGCTAAA,0,0.3416214857250452,0.4484089849820761
365,GAAACTTAAGCTAAATGTGCT,0,0.3292938362807035,0.4484089849820761
374,GCTAAATGTGCTCACCATTAT,0,0.23696047961711883,0.4484089849820761
376,TAAATGTGCTCACCATTATTT,0,0.3228096693754196,0.4484089849820761
378,AATGTGCTCACCATTATTTTG,0,0.20169651061296462,0.4484089849820761
379,ATGTGCTCACCATTATTTTGC,0,0.13949049841612576,0.4484089849820761
389,CATTATTTTGCTGCCTGTCCA,0,0.22113616839051248,0.4484089849820761
392,TATTTTGCTGCCTGTCCACTT,0,0.12073216587305069,0.4484089849820761
393,ATTTTGCTGCCTGTCCACTTG,0,0.1388612598180771,0.4484089849820761
397,TGCTGCCTGTCCACTTGTTAA,0,0.48422606438398363,0.4484089849820761
398,GCTGCCTGTCCACTTGTTAAT,0,0.4720074117183685,0.4484089849820761
400,TGCCTGTCCACTTGTTAATAA,0,0.39299544095993044,0.4484089849820761
411,TTGTTAATAACAATATACAGT,0,0.49550572633743284,0.4484089849820761
418,TAACAATATACAGTGCCCTTA,0,0.3115962132811546,0.4484089849820761
423,ATATACAGTGCCCTTATATTT,0,0.35721967220306394,0.4484089849820761
424,TATACAGTGCCCTTATATTTA,0,0.26516950204968454,0.4484089849820761
425,ATACAGTGCCCTTATATTTAT,0,0.14772419426590205,0.4484089849820761
437,TATATTTATTCCATGGTATTT,0,0.49752441868186,0.4484089849820761
438,ATATTTATTCCATGGTATTTT,0,0.452359214425087,0.4484089849820761
449,ATGGTATTTTCTTACCAATGC,0,0.12660859813913702,0.4484089849820761
453,TATTTTCTTACCAATGCCAAG,0,0.2948785251006484,0.4484089849820761
454,ATTTTCTTACCAATGCCAAGA,0,0.31395452208817004,0.4484089849820761
459,CTTACCAATGCCAAGAAGAAA,1,0.9023665666580201,0.4484089849820761
460,TTACCAATGCCAAGAAGAAAA,1,0.8273440718650817,0.4484089849820761
472,AGAAGAAAAACGCTATGGCAA,1,0.5691432423889637,0.4484089849820761
474,AAGAAAAACGCTATGGCAAAG,1,0.6763363301753997,0.4484089849820761
480,AACGCTATGGCAAAGAGAATA,1,0.8177784085273743,0.4484089849820761
495,AGAATAAAAGCTAAGCCCACT,0,0.32376942578703166,0.4484089849820761
500,AAAAGCTAAGCCCACTTCAGA,1,0.5233101338148117,0.4484089849820761
501,AAAGCTAAGCCCACTTCAGAC,1,0.6260343223810196,0.4484089849820761
502,AAGCTAAGCCCACTTCAGACA,1,0.7743178695440293,0.4484089849820761
504,GCTAAGCCCACTTCAGACAAA,1,0.5390128999948501,0.4484089849820761
507,AAGCCCACTTCAGACAAACCT,1,0.5188897222280502,0.4484089849820761
511,CCACTTCAGACAAACCTGGAA,0,0.17395703233778476,0.4484089849820761
515,TTCAGACAAACCTGGAAGTCC,1,0.7064711689949036,0.4484089849820761
516,TCAGACAAACCTGGAAGTCCA,1,0.7225059270858765,0.4484089849820761
524,ACCTGGAAGTCCATATCGCTC,0,0.2579798948019743,0.4484089849820761
525,CCTGGAAGTCCATATCGCTCT,0,0.19161913059651853,0.4484089849820761
530,AAGTCCATATCGCTCTGTCAC,0,0.117937720566988,0.4484089849820761
532,GTCCATATCGCTCTGTCACAC,0,0.1279636863619089,0.4484089849820761
534,CCATATCGCTCTGTCACACAC,0,0.1021888218820095,0.4484089849820761
538,ATCGCTCTGTCACACACTTCG,0,0.38703540712594986,0.4484089849820761
540,CGCTCTGTCACACACTTCGAC,0,0.28157419003546236,0.4484089849820761
542,CTCTGTCACACACTTCGACTC,0,0.42573146522045135,0.4484089849820761
544,CTGTCACACACTTCGACTCAC,0,0.18311603730544448,0.4484089849820761
547,TCACACACTTCGACTCACTAG,0,0.4147891227155924,0.4484089849820761
550,CACACTTCGACTCACTAGCTG,0,0.14317686408758162,0.4484089849820761
552,CACTTCGACTCACTAGCTGTA,0,0.3496233344078064,0.4484089849820761
554,CTTCGACTCACTAGCTGTAAT,0,0.32039017155766486,0.4484089849820761
558,GACTCACTAGCTGTAATAGAC,1,0.7292385041713715,0.4484089849820761
568,CTGTAATAGACATCCCTGGAG,0,0.18197391349822284,0.4484089849820761
571,TAATAGACATCCCTGGAGCAG,1,0.6509953737258911,0.4484089849820761
572,AATAGACATCCCTGGAGCAGA,1,0.7307803094387054,0.4484089849820761
573,ATAGACATCCCTGGAGCAGAT,1,0.7800635755062103,0.4484089849820761
579,ATCCCTGGAGCAGATACTCTG,0,0.14638488898053764,0.4484089849820761
585,GGAGCAGATACTCTGGATAAA,1,0.7496919929981232,0.4484089849820761
587,AGCAGATACTCTGGATAAATT,1,0.7613543152809144,0.4484089849820761
604,AATTATTTGACCATGCTGTAT,0,0.11408141981810331,0.4484089849820761
605,ATTATTTGACCATGCTGTATC,0,0.07799904979765415,0.4484089849820761
609,TTTGACCATGCTGTATCCAAG,0,0.3586915358901024,0.4484089849820761
615,CATGCTGTATCCAAGTTTGGG,0,0.3697512909770012,0.4484089849820761
616,ATGCTGTATCCAAGTTTGGGA,0,0.18328366465866566,0.4484089849820761
634,GGAAGAAGGACAGCCTTGGGA,0,0.2632786765694618,0.4484089849820761
637,AGAAGGACAGCCTTGGGACCA,0,0.4450537919998169,0.4484089849820761
638,GAAGGACAGCCTTGGGACCAG,0,0.4532564789056778,0.4484089849820761
645,AGCCTTGGGACCAGGGAAATC,1,0.5864885598421097,0.4484089849820761
646,GCCTTGGGACCAGGGAAATCC,1,0.5799470603466034,0.4484089849820761
655,CCAGGGAAATCCTAAGTGAAG,1,0.6080036103725434,0.4484089849820761
656,CAGGGAAATCCTAAGTGAAGA,1,0.7519327580928803,0.4484089849820761
677,AAATGAAATGCAGCCAAATGG,1,0.9255346953868866,0.4484089849820761
680,TGAAATGCAGCCAAATGGAAA,1,0.6615839004516602,0.4484089849820761
681,GAAATGCAGCCAAATGGAAAA,0,0.44410253763198854,0.4484089849820761
710,GAAGTTAATTCTTGGGAATTA,1,0.777128803730011,0.4484089849820761
733,AATGGATGAACTATCTTGAAG,0,0.47737730145454405,0.4484089849820761
737,GATGAACTATCTTGAAGTGAA,0,0.4305621571838856,0.4484089849820761
749,TGAAGTGAATCGCAGAGTGAA,1,0.9143875122070313,0.4484089849820761
751,AAGTGAATCGCAGAGTGAATA,1,0.7855524957180023,0.4484089849820761
763,GAGTGAATAACTTTGGTAGTG,1,0.7116621613502503,0.4484089849820761
776,TGGTAGTGGACTCACTGCACT,0,0.09100680388510227,0.4484089849820761
778,GTAGTGGACTCACTGCACTGG,0,0.10308621218428016,0.4484089849820761
780,AGTGGACTCACTGCACTGGGA,0,0.39238385409116744,0.4484089849820761
783,GGACTCACTGCACTGGGACTA,1,0.5448873400688171,0.4484089849820761
785,ACTCACTGCACTGGGACTAAA,0,0.30831976756453516,0.4484089849820761
791,TGCACTGGGACTAAAACCAAA,0,0.3676869794726372,0.4484089849820761
797,GGGACTAAAACCAAAGAACAC,1,0.6755902275443078,0.4484089849820761
798,GGACTAAAACCAAAGAACACC,1,0.5324824690818787,0.4484089849820761
805,AACCAAAGAACACCATTGCCA,0,0.42943806648254396,0.4484089849820761
807,CCAAAGAACACCATTGCCATC,0,0.3762386694550514,0.4484089849820761
808,CAAAGAACACCATTGCCATCT,0,0.20849302113056184,0.4484089849820761
813,AACACCATTGCCATCTTCTGT,0,0.22575858384370803,0.4484089849820761
814,ACACCATTGCCATCTTCTGTG,0,0.11614702716469764,0.4484089849820761
817,CCATTGCCATCTTCTGTGAGA,0,0.10718685463070869,0.4484089849820761
820,TTGCCATCTTCTGTGAGACCA,1,0.5841123789548874,0.4484089849820761
828,TTCTGTGAGACCAGGGCCGAA,0,0.19758229665458202,0.4484089849820761
829,TCTGTGAGACCAGGGCCGAAT,0,0.26282695718109605,0.4484089849820761
834,GAGACCAGGGCCGAATGGATG,1,0.6297020941972733,0.4484089849820761
835,AGACCAGGGCCGAATGGATGA,1,0.7682478129863739,0.4484089849820761
849,TGGATGATTGCAGCACAGACC,1,0.9657413184642791,0.4484089849820761
852,ATGATTGCAGCACAGACCTGC,0,0.16933940146118404,0.4484089849820761
854,GATTGCAGCACAGACCTGCTT,0,0.07559232302010059,0.4484089849820761
858,GCAGCACAGACCTGCTTTAAG,0,0.10650122221559286,0.4484089849820761
859,CAGCACAGACCTGCTTTAAGT,0,0.3504603996872902,0.4484089849820761
862,CACAGACCTGCTTTAAGTACA,1,0.6990685790777207,0.4484089849820761
871,GCTTTAAGTACAACTTTCCTC,0,0.496608167886734,0.4484089849820761
874,TTAAGTACAACTTTCCTCTTG,0,0.34164158552885054,0.4484089849820761
878,GTACAACTTTCCTCTTGTGAC,0,0.04461370373610407,0.4484089849820761
879,TACAACTTTCCTCTTGTGACT,0,0.07480843481607735,0.4484089849820761
881,CAACTTTCCTCTTGTGACTTT,0,0.09931383244693279,0.4484089849820761
888,CCTCTTGTGACTTTATATGCC,0,0.1288000473752618,0.4484089849820761
897,ACTTTATATGCCACACTTGGC,0,0.44381597340106965,0.4484089849820761
898,CTTTATATGCCACACTTGGCA,0,0.350297150015831,0.4484089849820761
900,TTATATGCCACACTTGGCAAA,0,0.26958579011261463,0.4484089849820761
902,ATATGCCACACTTGGCAAAGA,1,0.7815303891897202,0.4484089849820761
907,CCACACTTGGCAAAGAAGCAG,1,0.5721983432769775,0.4484089849820761
915,GGCAAAGAAGCAGTAGTTCAT,1,0.8105787932872772,0.4484089849820761
923,AGCAGTAGTTCATGGGCTAAA,0,0.33615599721670153,0.4484089849820761
929,AGTTCATGGGCTAAATGAATC,0,0.48778256922960284,0.4484089849820761
939,CTAAATGAATCTGAGGCTTCC,0,0.1739342726767063,0.4484089849820761
945,GAATCTGAGGCTTCCTATCTG,0,0.1306282825767994,0.4484089849820761
948,TCTGAGGCTTCCTATCTGATT,0,0.1449559058994055,0.4484089849820761
949,CTGAGGCTTCCTATCTGATTA,0,0.27793399915099143,0.4484089849820761
953,GGCTTCCTATCTGATTACCAG,0,0.11880143396556378,0.4484089849820761
960,TATCTGATTACCAGTGTTGAA,1,0.6297748178243637,0.4484089849820761
961,ATCTGATTACCAGTGTTGAAC,1,0.5353228405117989,0.4484089849820761
971,CAGTGTTGAACTTCTGGAAAG,0,0.21974591705948116,0.4484089849820761
974,TGTTGAACTTCTGGAAAGTAA,1,0.8484542369842529,0.4484089849820761
986,GGAAAGTAAACTTAAGACTGC,1,0.605135801434517,0.4484089849820761
993,AAACTTAAGACTGCATTGTTA,0,0.42559238001704214,0.4484089849820761
996,CTTAAGACTGCATTGTTAGAT,1,0.9068475842475892,0.4484089849820761
1009,TGTTAGATATCAGTTGTGTTA,1,0.6357995688915252,0.4484089849820761
1022,TTGTGTTAAACATATCATTTA,0,0.27456919737160207,0.4484089849820761
1027,TTAAACATATCATTTATGTGG,0,0.4787520781159401,0.4484089849820761
1039,TTTATGTGGACAATAAGGCTA,0,0.4440575331449509,0.4484089849820761
1047,GACAATAAGGCTATCAATAAA,1,0.7527197062969208,0.4484089849820761
1051,ATAAGGCTATCAATAAAGCAG,1,0.5349752441048622,0.4484089849820761
1059,ATCAATAAAGCAGAGTACCCT,0,0.45742192715406416,0.4484089849820761
1066,AAGCAGAGTACCCTGAAGGAT,1,0.7231424152851105,0.4484089849820761
1067,AGCAGAGTACCCTGAAGGATT,1,0.7384445369243622,0.4484089849820761
1068,GCAGAGTACCCTGAAGGATTT,1,0.6466492742300034,0.4484089849820761
1085,ATTTGAGATTCACAGCATGCA,0,0.4093610838055611,0.4484089849820761
1087,TTGAGATTCACAGCATGCAAT,1,0.5068772226572037,0.4484089849820761
1090,AGATTCACAGCATGCAATCAG,1,0.6405647099018097,0.4484089849820761
1094,TCACAGCATGCAATCAGTAGA,1,0.8453080832958222,0.4484089849820761
1098,AGCATGCAATCAGTAGAAGAG,1,0.9216518521308898,0.4484089849820761
1116,GAGTTGGGATCTAACCCAGAA,0,0.30941070672124626,0.4484089849820761
1120,TGGGATCTAACCCAGAAAACT,1,0.5798332303762436,0.4484089849820761
1121,GGGATCTAACCCAGAAAACTT,0,0.4917357340455055,0.4484089849820761
1122,GGATCTAACCCAGAAAACTTG,1,0.5825637996196746,0.4484089849820761
1129,ACCCAGAAAACTTGGGCATTC,0,0.2763048727065325,0.4484089849820761
1135,AAAACTTGGGCATTCCTCCAA,0,0.1360256489366293,0.4484089849820761
1139,CTTGGGCATTCCTCCAAGTAG,0,0.4188642218708992,0.4484089849820761
1140,TTGGGCATTCCTCCAAGTAGA,1,0.7720035493373871,0.4484089849820761
1142,GGGCATTCCTCCAAGTAGACC,1,0.7435930073261261,0.4484089849820761
1143,GGCATTCCTCCAAGTAGACCA,1,0.8016653060913086,0.4484089849820761
1151,TCCAAGTAGACCAACGCCTTC,0,0.22662947252392768,0.4484089849820761
1152,CCAAGTAGACCAACGCCTTCA,0,0.3765401214361191,0.4484089849820761
1155,AGTAGACCAACGCCTTCAGAC,1,0.6642761528491974,0.4484089849820761
1157,TAGACCAACGCCTTCAGACAT,1,0.6210407733917236,0.4484089849820761
1158,AGACCAACGCCTTCAGACATG,0,0.2573335789144039,0.4484089849820761
1161,CCAACGCCTTCAGACATGGCC,0,0.3540853835642338,0.4484089849820761
1165,CGCCTTCAGACATGGCCATTG,0,0.16182844247668982,0.4484089849820761
1170,TCAGACATGGCCATTGTTATG,1,0.6544308751821518,0.4484089849820761
1171,CAGACATGGCCATTGTTATGT,0,0.494112366437912,0.4484089849820761
1185,GTTATGTATACTAGTGGTTCT,1,0.8118047416210175,0.4484089849820761
1194,ACTAGTGGTTCTACTGGCCGA,0,0.18238649964332582,0.4484089849820761
1197,AGTGGTTCTACTGGCCGACCT,0,0.25761053785681726,0.4484089849820761
1201,GTTCTACTGGCCGACCTAAGG,1,0.5351803258061409,0.4484089849820761
1202,TTCTACTGGCCGACCTAAGGG,1,0.6372487187385559,0.4484089849820761
1205,TACTGGCCGACCTAAGGGAGT,0,0.44311687648296355,0.4484089849820761
1206,ACTGGCCGACCTAAGGGAGTG,1,0.5973494231700898,0.4484089849820761
1223,AGTGATGATGCATCATAGCAA,1,0.5713039398193359,0.4484089849820761
1226,GATGATGCATCATAGCAATTT,0,0.39517835080623626,0.4484089849820761
1231,TGCATCATAGCAATTTGATAG,0,0.41454209983348844,0.4484089849820761
1242,AATTTGATAGCTGGAATGACA,1,0.7596318542957305,0.4484089849820761
1251,GCTGGAATGACAGGCCAGTGT,1,0.7930068373680115,0.4484089849820761
1255,GAATGACAGGCCAGTGTGAAA,1,0.7481803208589554,0.4484089849820761
1256,AATGACAGGCCAGTGTGAAAG,1,0.6678659200668335,0.4484089849820761
1271,TGAAAGAATACCTGGACTGGG,1,0.572521659731865,0.4484089849820761
1272,GAAAGAATACCTGGACTGGGA,0,0.4912738919258118,0.4484089849820761
1277,AATACCTGGACTGGGACCGAA,0,0.3089727904647589,0.4484089849820761
1283,TGGACTGGGACCGAAGGACAC,0,0.47106037735939027,0.4484089849820761
1284,GGACTGGGACCGAAGGACACA,1,0.5944730460643768,0.4484089849820761
1291,GACCGAAGGACACATATATTG,0,0.33474094793200493,0.4484089849820761
1293,CCGAAGGACACATATATTGGC,0,0.35375484079122543,0.4484089849820761
1303,CATATATTGGCTACTTGCCTT,0,0.33072065711021426,0.4484089849820761
1306,ATATTGGCTACTTGCCTTTGG,0,0.06060261642560363,0.4484089849820761
1310,TGGCTACTTGCCTTTGGCTCA,0,0.16928901076316832,0.4484089849820761
1311,GGCTACTTGCCTTTGGCTCAT,0,0.09889853242784738,0.4484089849820761
1317,TTGCCTTTGGCTCATGTGCTA,0,0.15532321035861968,0.4484089849820761
1319,GCCTTTGGCTCATGTGCTAGA,0,0.07231136932969093,0.4484089849820761
1325,GGCTCATGTGCTAGAACTGAC,0,0.44842318445444107,0.4484089849820761
1331,TGTGCTAGAACTGACAGCAGA,1,0.5404084831476211,0.4484089849820761
1335,CTAGAACTGACAGCAGAGATA,1,0.9542158424854279,0.4484089849820761
1338,GAACTGACAGCAGAGATATCT,1,0.7967325568199157,0.4484089849820761
1347,GCAGAGATATCTTGCTTTACC,0,0.09801965858787298,0.4484089849820761
1351,AGATATCTTGCTTTACCTATG,0,0.2013305202126503,0.4484089849820761
1356,TCTTGCTTTACCTATGGCTGC,0,0.14174910057336093,0.4484089849820761
1357,CTTGCTTTACCTATGGCTGCA,0,0.16158807538449765,0.4484089849820761
1363,TTACCTATGGCTGCAGGATTG,1,0.7833628952503204,0.4484089849820761
1366,CCTATGGCTGCAGGATTGGAT,1,0.6459084451198578,0.4484089849820761
1380,ATTGGATATTCTTCTCCGCTT,0,0.08453455306589604,0.4484089849820761
1383,GGATATTCTTCTCCGCTTACA,0,0.07712224870920181,0.4484089849820761
1385,ATATTCTTCTCCGCTTACACT,0,0.061174410954117776,0.4484089849820761
1386,TATTCTTCTCCGCTTACACTC,0,0.09346433877944946,0.4484089849820761
1388,TTCTTCTCCGCTTACACTCTC,0,0.11255853027105331,0.4484089849820761
1392,TCTCCGCTTACACTCTCTGAC,0,0.15836125127971173,0.4484089849820761
1394,TCCGCTTACACTCTCTGACCA,0,0.20315297171473504,0.4484089849820761
1396,CGCTTACACTCTCTGACCAGT,0,0.11168120577931404,0.4484089849820761
1398,CTTACACTCTCTGACCAGTCC,0,0.0869258601218462,0.4484089849820761
1402,CACTCTCTGACCAGTCCAGCA,0,0.24691278785467147,0.4484089849820761
1403,ACTCTCTGACCAGTCCAGCAA,0,0.31259897351264954,0.4484089849820761
1407,TCTGACCAGTCCAGCAAAATT,1,0.7750590145587921,0.4484089849820761
1408,CTGACCAGTCCAGCAAAATTA,1,0.7472210705280304,0.4484089849820761
1411,ACCAGTCCAGCAAAATTAAAA,1,0.6866152584552765,0.4484089849820761
1429,AAAAAGGAAGCAAAGGAGACT,1,0.8940548837184906,0.4484089849820761
1438,GCAAAGGAGACTGTACTGTAC,0,0.1251044360920787,0.4484089849820761
1443,GGAGACTGTACTGTACTGAAG,0,0.27710409127175806,0.4484089849820761
1448,CTGTACTGTACTGAAGCCCAC,0,0.3184609591960907,0.4484089849820761
1454,TGTACTGAAGCCCACACTTAT,0,0.38181992471218107,0.4484089849820761
1455,GTACTGAAGCCCACACTTATG,0,0.3499337982386351,0.4484089849820761
1456,TACTGAAGCCCACACTTATGG,0,0.38005418702960014,0.4484089849820761
1458,CTGAAGCCCACACTTATGGCT,1,0.6141214162111283,0.4484089849820761
1460,GAAGCCCACACTTATGGCTGC,0,0.1571609701961279,0.4484089849820761
1467,ACACTTATGGCTGCTGTTCCG,0,0.17974367663264273,0.4484089849820761
1470,CTTATGGCTGCTGTTCCGGAA,0,0.22955768406391144,0.4484089849820761
1475,GGCTGCTGTTCCGGAAATCAT,1,0.7066457211971283,0.4484089849820761
1476,GCTGCTGTTCCGGAAATCATG,1,0.7684883117675781,0.4484089849820761
1483,TTCCGGAAATCATGGATAGAA,1,0.8673235654830933,0.4484089849820761
1513,ATGTTATGAGCAAAGTCCAAG,1,0.5739814698696136,0.4484089849820761
1519,TGAGCAAAGTCCAAGAGATGA,1,0.9064031660556793,0.4484089849820761
1520,GAGCAAAGTCCAAGAGATGAA,1,0.7493734270334244,0.4484089849820761
1538,GAATTATATTCAGAAAACTCT,1,0.8070945620536805,0.4484089849820761
1545,ATTCAGAAAACTCTGTTCAAG,0,0.25900150276720524,0.4484089849820761
1547,TCAGAAAACTCTGTTCAAGAT,0,0.4883077681064606,0.4484089849820761
1552,AAACTCTGTTCAAGATAGGGT,1,0.5998725742101669,0.4484089849820761
1570,GGTATGATTACAAATTGGAAC,0,0.444919253885746,0.4484089849820761
1580,CAAATTGGAACAGATCAAAAA,1,0.5973446607589722,0.4484089849820761
1585,TGGAACAGATCAAAAAGGGAT,1,0.7071454882621765,0.4484089849820761
1602,GGATATGATGCACCTCTTTGC,0,0.2345696583390236,0.4484089849820761
1604,ATATGATGCACCTCTTTGCAA,0,0.03968826308846474,0.4484089849820761
1605,TATGATGCACCTCTTTGCAAT,0,0.03250331545714289,0.4484089849820761
1607,TGATGCACCTCTTTGCAATCT,0,0.1067685030400753,0.4484089849820761
1612,CACCTCTTTGCAATCTGTTAC,0,0.1898476153612137,0.4484089849820761
1616,TCTTTGCAATCTGTTACTGTT,0,0.11462465561926365,0.4484089849820761
1622,CAATCTGTTACTGTTTAAAAA,1,0.8423714220523835,0.4484089849820761
1636,TTAAAAAGGTCAAGGCCCTGC,0,0.3012704439461231,0.4484089849820761
1641,AAGGTCAAGGCCCTGCTGGGA,0,0.0798081181012094,0.4484089849820761
1642,AGGTCAAGGCCCTGCTGGGAG,0,0.04293620064854622,0.4484089849820761
1643,GGTCAAGGCCCTGCTGGGAGG,0,0.0706106074154377,0.4484089849820761
1646,CAAGGCCCTGCTGGGAGGGAA,1,0.7938673555850982,0.4484089849820761
1660,GAGGGAATGTCCGCATGATGC,1,0.7535295009613037,0.4484089849820761
1661,AGGGAATGTCCGCATGATGCT,1,0.6964992314577103,0.4484089849820761
1663,GGAATGTCCGCATGATGCTGT,0,0.05107811437919736,0.4484089849820761
1670,CCGCATGATGCTGTCTGGAGG,1,0.5001565724611282,0.4484089849820761
1674,ATGATGCTGTCTGGAGGGGCC,0,0.4918686613440514,0.4484089849820761
1683,TCTGGAGGGGCCCCGCTATCT,0,0.08448261488229036,0.4484089849820761
1684,CTGGAGGGGCCCCGCTATCTC,0,0.05569573901593685,0.4484089849820761
1685,TGGAGGGGCCCCGCTATCTCC,0,0.036220536939799784,0.4484089849820761
1686,GGAGGGGCCCCGCTATCTCCT,0,0.06404456440359355,0.4484089849820761
1688,AGGGGCCCCGCTATCTCCTCA,0,0.3597170040011406,0.4484089849820761
1692,GCCCCGCTATCTCCTCAGACA,0,0.1976143851876259,0.4484089849820761
1694,CCCGCTATCTCCTCAGACACA,0,0.0885979389771819,0.4484089849820761
1695,CCGCTATCTCCTCAGACACAC,0,0.07418668027967215,0.4484089849820761
1697,GCTATCTCCTCAGACACACCG,0,0.10501409601420164,0.4484089849820761
1701,TCTCCTCAGACACACCGATTC,0,0.36019228845834733,0.4484089849820761
1703,TCCTCAGACACACCGATTCAT,0,0.42992032365873456,0.4484089849820761
1705,CTCAGACACACCGATTCATGA,0,0.48122110068798063,0.4484089849820761
1706,TCAGACACACCGATTCATGAA,1,0.6107935309410095,0.4484089849820761
1711,CACACCGATTCATGAATGTCT,0,0.40414347052574157,0.4484089849820761
1720,TCATGAATGTCTGCTTCTGCT,0,0.1622159667313099,0.4484089849820761
1723,TGAATGTCTGCTTCTGCTGCC,0,0.041901658102869985,0.4484089849820761
1726,ATGTCTGCTTCTGCTGCCCAA,0,0.025171397533267737,0.4484089849820761
1729,TCTGCTTCTGCTGCCCAATTG,0,0.3180076744407415,0.4484089849820761
1732,GCTTCTGCTGCCCAATTGGCC,0,0.11401743851602078,0.4484089849820761
1733,CTTCTGCTGCCCAATTGGCCA,0,0.09832284338772297,0.4484089849820761
1734,TTCTGCTGCCCAATTGGCCAG,0,0.05036310842260718,0.4484089849820761
1741,GCCCAATTGGCCAGGGTTATG,1,0.6800756186246872,0.4484089849820761
1742,CCCAATTGGCCAGGGTTATGG,0,0.46307172924280166,0.4484089849820761
1754,GGGTTATGGACTGACAGAATC,1,0.8813793301582337,0.4484089849820761
1758,TATGGACTGACAGAATCATGT,0,0.4531832218170166,0.4484089849820761
1764,CTGACAGAATCATGTGGTGCT,0,0.2530039049685001,0.4484089849820761
1773,TCATGTGGTGCTGGGACAGTT,1,0.6260778576135635,0.4484089849820761
1779,GGTGCTGGGACAGTTACTGAA,0,0.10542211579158903,0.4484089849820761
1785,GGGACAGTTACTGAAGTAACT,1,0.7178430646657944,0.4484089849820761
1794,ACTGAAGTAACTGACTATACT,0,0.40155006796121595,0.4484089849820761
1798,AAGTAACTGACTATACTACTG,0,0.2010582759976387,0.4484089849820761
1803,ACTGACTATACTACTGGCAGA,1,0.5110285639762878,0.4484089849820761
1806,GACTATACTACTGGCAGAGTT,1,0.9647569775581359,0.4484089849820761
1810,ATACTACTGGCAGAGTTGGAG,1,0.7555851876735687,0.4484089849820761
1821,AGAGTTGGAGCACCTCTTATT,0,0.30663454383611677,0.4484089849820761
1823,AGTTGGAGCACCTCTTATTTG,0,0.12198506593704224,0.4484089849820761
1824,GTTGGAGCACCTCTTATTTGC,0,0.07934519834816456,0.4484089849820761
1826,TGGAGCACCTCTTATTTGCTG,0,0.06747701205313206,0.4484089849820761
1834,CTCTTATTTGCTGTGAAATTA,1,0.813945734500885,0.4484089849820761
1847,TGAAATTAAGCTAAAAGACTG,1,0.8212686479091644,0.4484089849820761
1855,AGCTAAAAGACTGGCAAGAAG,1,0.9027300536632538,0.4484089849820761
1859,AAAAGACTGGCAAGAAGGCGG,1,0.7386252284049988,0.4484089849820761
1867,GGCAAGAAGGCGGTTATACAA,1,0.8066616356372833,0.4484089849820761
1875,GGCGGTTATACAATTAATGAC,1,0.7492282271385193,0.4484089849820761
1885,CAATTAATGACAAGCCAAACC,1,0.5419627457857132,0.4484089849820761
1889,TAATGACAAGCCAAACCCCAG,1,0.5542777508497239,0.4484089849820761
1890,AATGACAAGCCAAACCCCAGA,0,0.3307215362787247,0.4484089849820761
1894,ACAAGCCAAACCCCAGAGGTG,1,0.8397704303264618,0.4484089849820761
1895,CAAGCCAAACCCCAGAGGTGA,1,0.7139469251036644,0.4484089849820761
1896,AAGCCAAACCCCAGAGGTGAA,0,0.4845874719321728,0.4484089849820761
1897,AGCCAAACCCCAGAGGTGAAA,1,0.5565122291445732,0.4484089849820761
1909,GAGGTGAAATCGTAATTGGTG,1,0.77846739590168,0.4484089849820761
1922,AATTGGTGGACAGAACATCTC,1,0.5196533858776092,0.4484089849820761
1927,GTGGACAGAACATCTCCATGG,0,0.2284041190519929,0.4484089849820761
1930,GACAGAACATCTCCATGGGAT,0,0.46134926229715345,0.4484089849820761
1932,CAGAACATCTCCATGGGATAT,0,0.23627392668277025,0.4484089849820761
1933,AGAACATCTCCATGGGATATT,1,0.5185041457414628,0.4484089849820761
1962,GAAGAGAAAACAGCAGAAGAT,1,0.9344287276268005,0.4484089849820761
1965,GAGAAAACAGCAGAAGATTAT,1,0.9310469925403595,0.4484089849820761
1977,GAAGATTATTCTGTGGATGAA,1,0.7566965878009796,0.4484089849820761
1994,TGAAAATGGACAAAGGTGGTT,1,0.6145894363522529,0.4484089849820761
2008,GGTGGTTTTGCACTGGTGATA,1,0.7855517268180847,0.4484089849820761
2010,TGGTTTTGCACTGGTGATATT,1,0.6367081940174103,0.4484089849820761
2029,TTGGAGAATTCCATCCCGATG,1,0.6486851781606674,0.4484089849820761
2030,TGGAGAATTCCATCCCGATGG,1,0.5816566079854966,0.4484089849820761
2033,AGAATTCCATCCCGATGGATG,0,0.2379735615104437,0.4484089849820761
2034,GAATTCCATCCCGATGGATGT,0,0.37508482933044435,0.4484089849820761
2035,AATTCCATCCCGATGGATGTT,1,0.697502213716507,0.4484089849820761
2048,TGGATGTTTACAGATTATAGA,1,0.7717134058475494,0.4484089849820761
2060,GATTATAGATCGTAAGAAAGA,1,0.9390916049480438,0.4484089849820761
2072,TAAGAAAGATCTAGTGAAGTT,1,0.8396920084953308,0.4484089849820761
2084,AGTGAAGTTACAAGCAGGAGA,1,0.9546277284622192,0.4484089849820761
2088,AAGTTACAAGCAGGAGAGTAT,1,0.9669443845748902,0.4484089849820761
2103,GAGTATGTATCTCTTGGGAAA,0,0.3188627153635025,0.4484089849820761
2105,GTATGTATCTCTTGGGAAAGT,0,0.24185038432478906,0.4484089849820761
2121,AAAGTAGAAGCTGCACTGAAG,1,0.5818251878023147,0.4484089849820761
2124,GTAGAAGCTGCACTGAAGAAT,1,0.894549411535263,0.4484089849820761
2126,AGAAGCTGCACTGAAGAATTG,1,0.6014301672577858,0.4484089849820761
2138,GAAGAATTGTCCACTTATTGA,1,0.8361449718475342,0.4484089849820761
2139,AAGAATTGTCCACTTATTGAC,1,0.6129447042942047,0.4484089849820761
2141,GAATTGTCCACTTATTGACAA,0,0.2084031593054533,0.4484089849820761
2149,CACTTATTGACAACATCTGTG,0,0.3181281492114067,0.4484089849820761
2152,TTATTGACAACATCTGTGCTT,0,0.1416083239018917,0.4484089849820761
2155,TTGACAACATCTGTGCTTTTG,0,0.10482118651270866,0.4484089849820761
2160,AACATCTGTGCTTTTGCCAAA,0,0.09815513957291841,0.4484089849820761
2166,TGTGCTTTTGCCAAAAGTGAT,1,0.870540976524353,0.4484089849820761
2167,GTGCTTTTGCCAAAAGTGATC,1,0.7333868891000748,0.4484089849820761
2177,CAAAAGTGATCAGTCCTATGT,0,0.49949956983327864,0.4484089849820761
2181,AGTGATCAGTCCTATGTGATC,1,0.6348368883132934,0.4484089849820761
2182,GTGATCAGTCCTATGTGATCA,1,0.6636838704347611,0.4484089849820761
2191,CCTATGTGATCAGTTTTGTGG,0,0.20879259817302226,0.4484089849820761
2204,TTTTGTGGTTCCTAACCAGAA,1,0.5521713882684708,0.4484089849820761
2205,TTTGTGGTTCCTAACCAGAAA,1,0.8521556794643402,0.4484089849820761
2209,TGGTTCCTAACCAGAAAAGGT,1,0.7192248433828354,0.4484089849820761
2210,GGTTCCTAACCAGAAAAGGTT,1,0.8134117007255555,0.4484089849820761
2223,AAAAGGTTGACACTTTTGGCA,0,0.4237069979310036,0.4484089849820761
2225,AAGGTTGACACTTTTGGCACA,0,0.23803452141582965,0.4484089849820761
2232,ACACTTTTGGCACAACAGAAA,1,0.9567767560482026,0.4484089849820761
2234,ACTTTTGGCACAACAGAAAGG,1,0.7374432146549225,0.4484089849820761
2237,TTTGGCACAACAGAAAGGGGT,1,0.8143808245658875,0.4484089849820761
2256,GTAGAAGGAACTTGGGTTGAT,0,0.41072128638625144,0.4484089849820761
2269,GGGTTGATATCTGCAATAATC,0,0.4935088813304901,0.4484089849820761
2272,TTGATATCTGCAATAATCCTG,0,0.3420482724905014,0.4484089849820761
2279,CTGCAATAATCCTGCTATGGA,0,0.1307955987751484,0.4484089849820761
2280,TGCAATAATCCTGCTATGGAA,0,0.377642485499382,0.4484089849820761
2283,AATAATCCTGCTATGGAAGCT,1,0.5597725063562393,0.4484089849820761
2292,GCTATGGAAGCTGAAATACTG,0,0.2732094682753086,0.4484089849820761
2300,AGCTGAAATACTGAAAGAAAT,1,0.9630986452102661,0.4484089849820761
2312,GAAAGAAATTCGAGAAGCTGC,1,0.918390691280365,0.4484089849820761
2319,ATTCGAGAAGCTGCAAATGCC,1,0.5656702071428299,0.4484089849820761
2322,CGAGAAGCTGCAAATGCCATG,0,0.17901368513703347,0.4484089849820761
2328,GCTGCAAATGCCATGAAATTG,1,0.6697349578142167,0.4484089849820761
2329,CTGCAAATGCCATGAAATTGG,1,0.5711237162351608,0.4484089849820761
2342,GAAATTGGAGCGATTTGAAAT,1,0.7395493358373642,0.4484089849820761
2354,ATTTGAAATTCCAATCAAGGT,1,0.8530675828456878,0.4484089849820761
2355,TTTGAAATTCCAATCAAGGTT,1,0.8850910604000092,0.4484089849820761
2359,AAATTCCAATCAAGGTTCGAT,1,0.5412835627794266,0.4484089849820761
2366,AATCAAGGTTCGATTAAGCCC,1,0.9108118772506714,0.4484089849820761
2374,TTCGATTAAGCCCAGAGCCAT,0,0.3862211793661118,0.4484089849820761
2375,TCGATTAAGCCCAGAGCCATG,0,0.20398498512804508,0.4484089849820761
2376,CGATTAAGCCCAGAGCCATGG,0,0.2610690902918577,0.4484089849820761
2381,AAGCCCAGAGCCATGGACCCC,0,0.43038507252931596,0.4484089849820761
2382,AGCCCAGAGCCATGGACCCCT,0,0.22806806415319442,0.4484089849820761
2388,GAGCCATGGACCCCTGAAACT,0,0.15000991597771646,0.4484089849820761
2389,AGCCATGGACCCCTGAAACTG,0,0.12206228207796813,0.4484089849820761
2390,GCCATGGACCCCTGAAACTGG,0,0.10674033239483834,0.4484089849820761
2391,CCATGGACCCCTGAAACTGGT,0,0.17989361397922038,0.4484089849820761
2397,ACCCCTGAAACTGGTTTGGTA,0,0.29497797042131424,0.4484089849820761
2409,GGTTTGGTAACTGATGCTTTC,0,0.08995066126808524,0.4484089849820761
2415,GTAACTGATGCTTTCAAACTG,0,0.2880546748638153,0.4484089849820761
2419,CTGATGCTTTCAAACTGAAAA,0,0.15559118976816536,0.4484089849820761
2423,TGCTTTCAAACTGAAAAGGAA,1,0.8118706405162811,0.4484089849820761
2438,AAGGAAGGAGCTGAGGAACCA,1,0.7092444807291031,0.4484089849820761
2446,AGCTGAGGAACCATTACCTCA,0,0.13145117536187173,0.4484089849820761
2447,GCTGAGGAACCATTACCTCAA,0,0.10099435634911061,0.4484089849820761
2452,GGAACCATTACCTCAAAGACA,1,0.6039650082588196,0.4484089849820761
2453,GAACCATTACCTCAAAGACAT,1,0.5885800391435623,0.4484089849820761
2455,ACCATTACCTCAAAGACATTG,0,0.37080042958259585,0.4484089849820761
2461,ACCTCAAAGACATTGAACGAA,0,0.2405864417552948,0.4484089849820761
2468,AGACATTGAACGAATGTATGG,1,0.81052385866642,0.4484089849820761
2482,TGTATGGGGGCAAATAAAATG,0,0.4014920547604561,0.4484089849820761
2500,ATGTTGTTGTCTTATTGACAG,0,0.40187854915857313,0.4484089849820761
2508,GTCTTATTGACAGTTGTGCAG,0,0.3562096141278744,0.4484089849820761
2516,GACAGTTGTGCAGGAGGTAGC,1,0.9085371494293213,0.4484089849820761
2526,CAGGAGGTAGCCTGGTGGTTT,0,0.421705624461174,0.4484089849820761
2527,AGGAGGTAGCCTGGTGGTTTT,0,0.3064768023788929,0.4484089849820761
2538,TGGTGGTTTTCAACCTCTAGA,0,0.2755285810679197,0.4484089849820761
2541,TGGTTTTCAACCTCTAGAATT,1,0.684342285990715,0.4484089849820761
2542,GGTTTTCAACCTCTAGAATTT,1,0.6120495438575745,0.4484089849820761
2544,TTTTCAACCTCTAGAATTTTA,0,0.39336490221321585,0.4484089849820761
2557,GAATTTTAAGCCTTTGTTGAA,0,0.3213201820850372,0.4484089849820761
2558,AATTTTAAGCCTTTGTTGAAC,0,0.32208281457424165,0.4484089849820761
2568,CTTTGTTGAACTGTTAGAATG,1,0.8526632219552994,0.4484089849820761
2589,TAAGGTATATCATTCTAAAGA,1,0.6810805976390839,0.4484089849820761
2593,GTATATCATTCTAAAGATAGA,1,0.8886252284049988,0.4484089849820761
2616,AAAAAGAAAACAAAACCAAAA,1,0.593684333562851,0.4484089849820761
2621,GAAAACAAAACCAAAAGTTAT,1,0.847466892004013,0.4484089849820761
2622,AAAACAAAACCAAAAGTTATT,1,0.6792854309082031,0.4484089849820761
2644,AAATTGTTGTCCGGTTTACTT,1,0.5418998390436173,0.4484089849820761
2645,AATTGTTGTCCGGTTTACTTT,0,0.4040282294154167,0.4484089849820761
2652,GTCCGGTTTACTTTAACTTAG,0,0.4977128177881241,0.4484089849820761
2658,TTTACTTTAACTTAGTTTTGC,0,0.38221641108393667,0.4484089849820761
2668,CTTAGTTTTGCATAGTTCTAG,1,0.6494715183973312,0.4484089849820761
2675,TTGCATAGTTCTAGTGCAGCT,1,0.5424696549773216,0.4484089849820761
2681,AGTTCTAGTGCAGCTGAAATT,0,0.2138413242995739,0.4484089849820761
2684,TCTAGTGCAGCTGAAATTGAA,0,0.29323145672678946,0.4484089849820761
2704,AAAGTTATTTCCCTTTAGCTG,0,0.34312409311532976,0.4484089849820761
2705,AAGTTATTTCCCTTTAGCTGT,0,0.29706344082951547,0.4484089849820761
2706,AGTTATTTCCCTTTAGCTGTG,0,0.26407752335071566,0.4484089849820761
2712,TTCCCTTTAGCTGTGTTATTA,1,0.7480809986591339,0.4484089849820761
2728,TATTATAGAGCAGAAATTCTG,1,0.6315971732139587,0.4484089849820761
2736,AGCAGAAATTCTGTTTTTAAA,1,0.6742209225893021,0.4484089849820761
2753,TAAAAATTAGCCTAAGATATA,1,0.8730645835399627,0.4484089849820761
2754,AAAAATTAGCCTAAGATATAC,0,0.47150601372122763,0.4484089849820761
2764,CTAAGATATACTTGTTTTTGT,0,0.2181332815438509,0.4484089849820761
2798,TAATGTTGAACAAAATAAATT,1,0.7564188688993454,0.4484089849820761
2843,AGGAAATTTGCAGCTTCCAAT,0,0.23101704232394696,0.4484089849820761
2846,AAATTTGCAGCTTCCAATGCC,0,0.12052996568381787,0.4484089849820761
2849,TTTGCAGCTTCCAATGCCTCT,0,0.06940536005422474,0.4484089849820761
2850,TTGCAGCTTCCAATGCCTCTT,0,0.05603079805150628,0.4484089849820761
2855,GCTTCCAATGCCTCTTGTCTT,0,0.16209444850683213,0.4484089849820761
2856,CTTCCAATGCCTCTTGTCTTC,0,0.13889139257371425,0.4484089849820761
2858,TCCAATGCCTCTTGTCTTCCT,0,0.037220244552008806,0.4484089849820761
2863,TGCCTCTTGTCTTCCTATTTC,0,0.12747278735041617,0.4484089849820761
2866,CTCTTGTCTTCCTATTTCAGA,0,0.14577497784048318,0.4484089849820761
2867,TCTTGTCTTCCTATTTCAGAA,0,0.38817890360951424,0.4484089849820761
2873,CTTCCTATTTCAGAAGTTTAA,1,0.6323624461889267,0.4484089849820761
2892,AAATATTAAGCATGACAGAAA,1,0.8427237212657929,0.4484089849820761
2897,TTAAGCATGACAGAAAATATG,1,0.7749585509300232,0.4484089849820761
2914,TATGTATTAACACTACTCAAA,0,0.490485680103302,0.4484089849820761
2916,TGTATTAACACTACTCAAAGC,1,0.6934875965118408,0.4484089849820761
2919,ATTAACACTACTCAAAGCAAA,0,0.46877139825373887,0.4484089849820761
2921,TAACACTACTCAAAGCAAAAG,1,0.535014146566391,0.4484089849820761
2926,CTACTCAAAGCAAAAGTGCTG,0,0.2779711037874222,0.4484089849820761
2934,AGCAAAAGTGCTGCAGGGCTT,1,0.5321156769990921,0.4484089849820761
2937,AAAAGTGCTGCAGGGCTTTAA,0,0.41137721985578535,0.4484089849820761
2942,TGCTGCAGGGCTTTAAAATTC,1,0.5149312525987625,0.4484089849820761
2952,CTTTAAAATTCTCTTCCAACC,1,0.5295778006315232,0.4484089849820761
2954,TTAAAATTCTCTTCCAACCAT,0,0.10895556062459946,0.4484089849820761
2957,AAATTCTCTTCCAACCATTTA,0,0.20368996113538743,0.4484089849820761
2958,AATTCTCTTCCAACCATTTAT,0,0.25724678933620454,0.4484089849820761
2961,TCTCTTCCAACCATTTATCTT,0,0.2507333107292652,0.4484089849820761
2962,CTCTTCCAACCATTTATCTTG,0,0.3169987596571445,0.4484089849820761
2969,AACCATTTATCTTGAAGGAAA,1,0.5614961728453636,0.4484089849820761
2984,AGGAAAAATTCAATAGTAATA,1,0.9475911498069763,0.4484089849820761
3000,TAATATAATACACAAAATCAA,1,0.9203052282333374,0.4484089849820761
3002,ATATAATACACAAAATCAAAT,1,0.7654887199401855,0.4484089849820761
3008,TACACAAAATCAAATAATACC,1,0.5820194937288761,0.4484089849820761
3017,TCAAATAATACCTTAGAAGGT,1,0.9365608036518097,0.4484089849820761
3018,CAAATAATACCTTAGAAGGTA,1,0.8725709438323974,0.4484089849820761
3047,ATAATTGTTGCATAGGTTAGA,1,0.9286980867385864,0.4484089849820761
3066,GATATAGAGTCATTGTAATGT,1,0.8305057764053345,0.4484089849820761
3089,TGAATAATTACAGTGCCTAAA,1,0.6151671379804611,0.4484089849820761
3094,AATTACAGTGCCTAAAATAAG,1,0.8047009080648422,0.4484089849820761
3095,ATTACAGTGCCTAAAATAAGA,1,0.7443061411380768,0.4484089849820761
3112,AAGAATAGAACAACATATACA,1,0.6183811023831367,0.4484089849820761
3115,AATAGAACAACATATACAACA,1,0.5107213154435157,0.4484089849820761
3121,ACAACATATACAACACCAAAA,1,0.606151232123375,0.4484089849820761
3124,ACATATACAACACCAAAAAAT,1,0.9403667330741883,0.4484089849820761
3126,ATATACAACACCAAAAAATAT,1,0.8995978832244873,0.4484089849820761
3127,TATACAACACCAAAAAATATC,1,0.6742938995361328,0.4484089849820761
3137,CAAAAAATATCTAGTAATATA,1,0.9058763682842255,0.4484089849820761
3165,GGAAATTGAGCTGCTTTTTTT,0,0.32594375163316724,0.4484089849820761
3168,AATTGAGCTGCTTTTTTTGAA,0,0.20519459806382656,0.4484089849820761
3180,TTTTTTGAAACTTTGAGATCT,1,0.8476855337619782,0.4484089849820761
3189,ACTTTGAGATCTAAAAATAAC,1,0.5453563377261161,0.4484089849820761
3199,CTAAAAATAACTGTAATTATT,1,0.6967089846730232,0.4484089849820761
3217,ATTTGAATGACTAAGAGGAAA,1,0.8047214210033417,0.4484089849820761
3231,GAGGAAAGTACATTTTTTGAA,1,0.5404255628585816,0.4484089849820761
3245,TTTTGAAATGCTGAAAATTGC,1,0.8488621473312378,0.4484089849820761
3255,CTGAAAATTGCCTTTCTGTGT,0,0.37939270585775375,0.4484089849820761
3256,TGAAAATTGCCTTTCTGTGTT,0,0.21305132806301116,0.4484089849820761
3260,AATTGCCTTTCTGTGTTTATT,0,0.26369401142001153,0.4484089849820761
3271,TGTGTTTATTCAAACTGAAAA,0,0.4247621729969978,0.4484089849820761
3275,TTTATTCAAACTGAAAAGCTG,1,0.541989478468895,0.4484089849820761
3283,AACTGAAAAGCTGAGACCAAG,1,0.5638708636164665,0.4484089849820761
3289,AAAGCTGAGACCAAGAGCAAG,1,0.5425415486097336,0.4484089849820761
3290,AAGCTGAGACCAAGAGCAAGG,0,0.36207010820508,0.4484089849820761
3296,AGACCAAGAGCAAGGAAGGTA,1,0.8940651118755341,0.4484089849820761
3316,AAAAAGTTAACAGGCAAACAT,1,0.8588014602661133,0.4484089849820761
3320,AGTTAACAGGCAAACATTTTC,0,0.4183926448225975,0.4484089849820761
3324,AACAGGCAAACATTTTCTCTT,0,0.08880740851163864,0.4484089849820761
3330,CAAACATTTTCTCTTAGAAAA,1,0.7540030539035797,0.4484089849820761
3332,AACATTTTCTCTTAGAAAAGG,1,0.6026868939399719,0.4484089849820761
3352,GTGATAAAATCATAAGTATTT,1,0.6677088409662246,0.4484089849820761
3373,GGAATTAGAACCCTTGCACAG,0,0.1618396334350109,0.4484089849820761
3374,GAATTAGAACCCTTGCACAGC,0,0.2866660594940186,0.4484089849820761
3375,AATTAGAACCCTTGCACAGCA,0,0.34546626508235934,0.4484089849820761
3379,AGAACCCTTGCACAGCACTGA,0,0.18854440357536079,0.4484089849820761
3381,AACCCTTGCACAGCACTGAAC,0,0.14358748942613603,0.4484089849820761
3384,CCTTGCACAGCACTGAACCTG,0,0.4313603475689888,0.4484089849820761
3386,TTGCACAGCACTGAACCTGGG,0,0.17806796804070474,0.4484089849820761
3391,CAGCACTGAACCTGGGAAAGA,1,0.6126388639211655,0.4484089849820761
3392,AGCACTGAACCTGGGAAAGAG,1,0.8189535081386566,0.4484089849820761
3410,GAGATTTAAACTCTGAATTTA,0,0.2884028900414705,0.4484089849820761
3412,GATTTAAACTCTGAATTTATC,0,0.4049265407025814,0.4484089849820761
3422,CTGAATTTATCTTTGATAACA,0,0.4229233920574188,0.4484089849820761
3431,TCTTTGATAACAGGGATTGAT,1,0.7797764718532563,0.4484089849820761
3453,TTAAAATGTACATGTATTAAA,1,0.8505541145801544,0.4484089849820761
3467,TATTAAATTACATTTGTAATT,1,0.822340989112854,0.4484089849820761
3484,AATTTAAGGTCTGTTTGCTGT,0,0.15188947319984436,0.4484089849820761
3491,GGTCTGTTTGCTGTTGCTGAT,0,0.15939833745360374,0.4484089849820761
3497,TTTGCTGTTGCTGATTTTATT,0,0.46048994958400724,0.4484089849820761
3508,TGATTTTATTCTTGATCAGTA,1,0.6616214781999588,0.4484089849820761
3514,TATTCTTGATCAGTAGTTTGC,1,0.608934560418129,0.4484089849820761
3524,CAGTAGTTTGCATTTCAGAAA,1,0.8974772870540619,0.4484089849820761
3529,GTTTGCATTTCAGAAAGCCTT,1,0.5057546809315682,0.4484089849820761
3536,TTTCAGAAAGCCTTTCATTTT,0,0.2470378503203392,0.4484089849820761
3537,TTCAGAAAGCCTTTCATTTTG,0,0.2068658906966448,0.4484089849820761
3541,GAAAGCCTTTCATTTTGCTTT,0,0.11665457095950842,0.4484089849820761
3548,TTTCATTTTGCTTTAATTTTA,1,0.5615871787071228,0.4484089849820761
3560,TTAATTTTAGCAAAGCGGGTT,1,0.5652029931545257,0.4484089849820761
3565,TTTAGCAAAGCGGGTTATAAT,1,0.8287659645080566,0.4484089849820761
3582,TAATGAATGACTTCCCCAATA,0,0.1970444478094578,0.4484089849820761
3585,TGAATGACTTCCCCAATATCT,0,0.3659162882715464,0.4484089849820761
3586,GAATGACTTCCCCAATATCTT,0,0.30615543499588965,0.4484089849820761
3587,AATGACTTCCCCAATATCTTG,0,0.2762887541204691,0.4484089849820761
3588,ATGACTTCCCCAATATCTTGC,0,0.08660709708929062,0.4484089849820761
3594,TCCCCAATATCTTGCTTGAAC,0,0.06648203507065772,0.4484089849820761
3598,CAATATCTTGCTTGAACTTAC,0,0.29976832643151285,0.4484089849820761
3604,CTTGCTTGAACTTACAGGTGA,1,0.7347028613090515,0.4484089849820761
3608,CTTGAACTTACAGGTGATTAA,1,0.8868569195270538,0.4484089849820761
3619,AGGTGATTAACTTGGATGAGT,1,0.711947101354599,0.4484089849820761
3654,GGGAAGAAAACACTGTTATCA,1,0.8725076496601105,0.4484089849820761
3656,GAAGAAAACACTGTTATCATT,1,0.8339385032653809,0.4484089849820761
3663,ACACTGTTATCATTTTTTCCT,0,0.13428337406367064,0.4484089849820761
3671,ATCATTTTTTCCTGTTTGGGA,0,0.12669107541441918,0.4484089849820761
3672,TCATTTTTTCCTGTTTGGGAA,0,0.2840279009193182,0.4484089849820761
3686,TTGGGAAGAGCTTAGAAACTG,1,0.7457904309034348,0.4484089849820761
3694,AGCTTAGAAACTGGAAATACT,1,0.8058786958456039,0.4484089849820761
3703,ACTGGAAATACTAGATTTGGG,1,0.7588130056858062,0.4484089849820761
3721,GGGAGAAGGGCAGAGTTACTT,1,0.6453098982572556,0.4484089849820761
3729,GGCAGAGTTACTTGATAAGGG,1,0.7754478394985199,0.4484089849820761
3741,TGATAAGGGACTGATGTTTGT,0,0.18026294633746148,0.4484089849820761
3753,GATGTTTGTGCAGTAACTTGG,0,0.4626597031950951,0.4484089849820761
3759,TGTGCAGTAACTTGGGAGTGT,1,0.7796397864818573,0.4484089849820761
3775,AGTGTGGTTTCTTTTTGAATC,0,0.1408215656876564,0.4484089849820761
3785,CTTTTTGAATCTTTAATTAAA,1,0.669465360045433,0.4484089849820761
3797,TTAATTAAAACCTGGGATTAT,1,0.6729400426149368,0.4484089849820761
3798,TAATTAAAACCTGGGATTATA,1,0.8053145542740822,0.4484089849820761
3812,GATTATATATCCCTGATAAAT,1,0.5378303945064544,0.4484089849820761
3813,ATTATATATCCCTGATAAATA,1,0.5262898057699203,0.4484089849820761
3814,TTATATATCCCTGATAAATAT,1,0.5493073999881745,0.4484089849820761
3826,GATAAATATTCACACTTGAAC,1,0.5883246660232544,0.4484089849820761
3828,TAAATATTCACACTTGAACCA,1,0.6232515171170234,0.4484089849820761
3830,AATATTCACACTTGAACCATA,0,0.34010250866413116,0.4484089849820761
3836,CACACTTGAACCATAGTTACT,1,0.7531095206737518,0.4484089849820761
3837,ACACTTGAACCATAGTTACTG,1,0.541587969660759,0.4484089849820761
3845,ACCATAGTTACTGTAAAATGC,1,0.8520735025405883,0.4484089849820761
3855,CTGTAAAATGCAAAAAATCTT,1,0.9027493298053741,0.4484089849820761
3863,TGCAAAAAATCTTAATACTGT,0,0.3327702321112156,0.4484089849820761
3870,AATCTTAATACTGTTATTCTT,1,0.6199237406253815,0.4484089849820761
3878,TACTGTTATTCTTTGCACTTT,0,0.1058090191334486,0.4484089849820761
3883,TTATTCTTTGCACTTTTTCTT,0,0.3695723325014114,0.4484089849820761
3885,ATTCTTTGCACTTTTTCTTAA,0,0.11489447243511677,0.4484089849820761
3891,TGCACTTTTTCTTAATCATTT,0,0.23924512024968864,0.4484089849820761
3897,TTTTCTTAATCATTTTTTATA,0,0.3499219000339508,0.4484089849820761
3914,TATATATATGCATATATATAT,1,0.5600503385066986,0.4484089849820761
3941,GTGTGTGTTGCTTATGTTGTT,0,0.36662051677703855,0.4484089849820761
3957,TTGTTTTGTACAGATGTGGGC,1,0.6449246197938919,0.4484089849820761
3967,CAGATGTGGGCCACCATTGCA,0,0.2489633083343506,0.4484089849820761
3968,AGATGTGGGCCACCATTGCAA,0,0.14331450704485177,0.4484089849820761
3970,ATGTGGGCCACCATTGCAACA,0,0.07461371952667832,0.4484089849820761
3971,TGTGGGCCACCATTGCAACAA,0,0.14998355731368065,0.4484089849820761
3976,GCCACCATTGCAACAAAATAC,1,0.7836471676826477,0.4484089849820761
3979,ACCATTGCAACAAAATACATT,0,0.2421523630619049,0.4484089849820761
3986,CAACAAAATACATTCTTTTTG,0,0.39642135351896285,0.4484089849820761
3990,AAAATACATTCTTTTTGCTCT,0,0.2226920671761036,0.4484089849820761
3997,ATTCTTTTTGCTCTAAAATAT,1,0.6676420360803604,0.4484089849820761
3999,TCTTTTTGCTCTAAAATATTT,0,0.25665493682026863,0.4484089849820761
4022,GAAGAAAATACTTAAATGTTA,1,0.9096408486366272,0.4484089849820761
4060,AGGGAAAAATCAAGTATTATA,1,0.6189216107130051,0.4484089849820761
4073,GTATTATAAACAAGAATGAAG,0,0.4674557656049728,0.4484089849820761
4100,GTAAAGATTTCTGTTCAGCGT,0,0.36384584605693815,0.4484089849820761
4105,GATTTCTGTTCAGCGTTTTGC,0,0.30910103432834146,0.4484089849820761
4108,TTCTGTTCAGCGTTTTGCAAG,0,0.32426680997014046,0.4484089849820761
4115,CAGCGTTTTGCAAGGTAAAAT,1,0.8632310152053833,0.4484089849820761
4132,AAATTTTAGGCAAGTTTTCCC,0,0.20196691006422043,0.4484089849820761
4140,GGCAAGTTTTCCCTGAAGTTA,0,0.45223770588636397,0.4484089849820761
4141,GCAAGTTTTCCCTGAAGTTAT,1,0.5288271963596344,0.4484089849820761
4142,CAAGTTTTCCCTGAAGTTATG,0,0.4439512938261032,0.4484089849820761
4167,TGTGAGTATTCTCATTCTTCC,0,0.1983010172843933,0.4484089849820761
4169,TGAGTATTCTCATTCTTCCCA,0,0.07266822718083858,0.4484089849820761
4173,TATTCTCATTCTTCCCAACTT,0,0.10766976475715637,0.4484089849820761
4176,TCTCATTCTTCCCAACTTGCC,0,0.09964869376271963,0.4484089849820761
4177,CTCATTCTTCCCAACTTGCCT,0,0.12551120202988386,0.4484089849820761
4178,TCATTCTTCCCAACTTGCCTT,0,0.16598585844039918,0.4484089849820761
4181,TTCTTCCCAACTTGCCTTTGA,0,0.049082360975444314,0.4484089849820761
4185,TCCCAACTTGCCTTTGAAGAG,0,0.37557833194732665,0.4484089849820761
4186,CCCAACTTGCCTTTGAAGAGT,1,0.6145675778388977,0.4484089849820761
4203,GAGTGAAATACCATTATTATC,1,0.8465289115905762,0.4484089849820761
4204,AGTGAAATACCATTATTATCA,1,0.7744502365589142,0.4484089849820761
4213,CCATTATTATCAAGTAGACTA,1,0.8451785087585449,0.4484089849820761
4221,ATCAAGTAGACTACTGTTCAG,0,0.4306169331073761,0.4484089849820761
4224,AAGTAGACTACTGTTCAGCTT,0,0.4887270241975784,0.4484089849820761
4229,GACTACTGTTCAGCTTTTATT,0,0.1689401872456074,0.4484089849820761
4232,TACTGTTCAGCTTTTATTCCT,0,0.155756888538599,0.4484089849820761
4240,AGCTTTTATTCCTGCCCTGCT,0,0.04983269050717354,0.4484089849820761
4241,GCTTTTATTCCTGCCCTGCTG,0,0.09293440748006106,0.4484089849820761
4244,TTTATTCCTGCCCTGCTGTTT,0,0.05476849637925625,0.4484089849820761
4245,TTATTCCTGCCCTGCTGTTTA,0,0.031529809534549716,0.4484089849820761
4246,TATTCCTGCCCTGCTGTTTAT,0,0.039307101909071204,0.4484089849820761
4249,TCCTGCCCTGCTGTTTATCCC,0,0.38295637667179105,0.4484089849820761
4257,TGCTGTTTATCCCTTAAGAAT,1,0.6417350471019745,0.4484089849820761
4258,GCTGTTTATCCCTTAAGAATG,1,0.6712514698505402,0.4484089849820761
4259,CTGTTTATCCCTTAAGAATGA,0,0.4938692033290863,0.4484089849820761
4274,GAATGAGTTTCTTAGACTTTT,0,0.4197096437215805,0.4484089849820761
4280,GTTTCTTAGACTTTTCCAATA,0,0.171232065372169,0.4484089849820761
4285,TTAGACTTTTCCAATATGTGA,0,0.33408129066228864,0.4484089849820761
4286,TAGACTTTTCCAATATGTGAT,0,0.40799203515052795,0.4484089849820761
4304,GATTTTTTTTCCCATTTAGAA,1,0.7350117325782776,0.4484089849820761
4305,ATTTTTTTTCCCATTTAGAAT,1,0.8874554514884949,0.4484089849820761
4306,TTTTTTTTCCCATTTAGAATG,1,0.9096599817276001,0.4484089849820761
4338,TGTGTGAGTGCATGTACTATC,0,0.11329621560871601,0.4484089849820761
4344,AGTGCATGTACTATCTTATCT,1,0.7820972681045533,0.4484089849820761
4348,CATGTACTATCTTATCTCAGA,0,0.33041383847594263,0.4484089849820761
4353,ACTATCTTATCTCAGATATTT,0,0.2726503308862448,0.4484089849820761
4355,TATCTTATCTCAGATATTTGC,0,0.14005534686148166,0.4484089849820761
4365,CAGATATTTGCACCCCCAATC,0,0.46118304282426836,0.4484089849820761
4367,GATATTTGCACCCCCAATCTG,0,0.22152798660099507,0.4484089849820761
4368,ATATTTGCACCCCCAATCTGC,0,0.09945391276851297,0.4484089849820761
4369,TATTTGCACCCCCAATCTGCC,0,0.06722616013139486,0.4484089849820761
4370,ATTTGCACCCCCAATCTGCCC,0,0.08697979887947441,0.4484089849820761
4371,TTTGCACCCCCAATCTGCCCC,0,0.07147410623729229,0.4484089849820761
4375,CACCCCCAATCTGCCCCCAAC,0,0.06672576358541846,0.4484089849820761
4378,CCCCAATCTGCCCCCAACTCC,0,0.15820621103048324,0.4484089849820761
4379,CCCAATCTGCCCCCAACTCCC,0,0.13533057533204557,0.4484089849820761
4380,CCAATCTGCCCCCAACTCCCA,0,0.0582446675747633,0.4484089849820761
4381,CAATCTGCCCCCAACTCCCAA,0,0.1200551712885499,0.4484089849820761
4382,AATCTGCCCCCAACTCCCAAA,0,0.20669436380267142,0.4484089849820761
4385,CTGCCCCCAACTCCCAAAAGC,0,0.2590156316757202,0.4484089849820761
4387,GCCCCCAACTCCCAAAAGCTA,0,0.24852313548326493,0.4484089849820761
4388,CCCCCAACTCCCAAAAGCTAG,0,0.3553429186344147,0.4484089849820761
4389,CCCCAACTCCCAAAAGCTAGA,0,0.2575606007128954,0.4484089849820761
4395,CTCCCAAAAGCTAGAACACTG,1,0.5325941562652587,0.4484089849820761
4401,AAAGCTAGAACACTGCCAACT,0,0.24555877055972813,0.4484089849820761
4403,AGCTAGAACACTGCCAACTGA,0,0.4982540786266327,0.4484089849820761
4406,TAGAACACTGCCAACTGATCT,1,0.5507008314132691,0.4484089849820761
4407,AGAACACTGCCAACTGATCTG,0,0.3141758143901825,0.4484089849820761
4410,ACACTGCCAACTGATCTGTTA,0,0.16748173218220472,0.4484089849820761
4415,GCCAACTGATCTGTTATAGGT,0,0.33466129899024966,0.4484089849820761
4426,TGTTATAGGTCCTTTAGAAAC,1,0.8621654510498047,0.4484089849820761
4427,GTTATAGGTCCTTTAGAAACA,1,0.7164157003164291,0.4484089849820761
4436,CCTTTAGAAACACATAATTAA,1,0.8817364752292634,0.4484089849820761
4438,TTTAGAAACACATAATTAACA,1,0.8460146665573121,0.4484089849820761
4447,ACATAATTAACACTTAAGGTT,1,0.9452118217945099,0.4484089849820761
4449,ATAATTAACACTTAAGGTTGG,1,0.7340132176876069,0.4484089849820761
4463,AGGTTGGGTGCTGCTAATTCT,0,0.19345632568001747,0.4484089849820761
4466,TTGGGTGCTGCTAATTCTTTG,0,0.1698376108892262,0.4484089849820761
4472,GCTGCTAATTCTTTGCAAAAA,0,0.4938048005104065,0.4484089849820761
4477,TAATTCTTTGCAAAAATCCAA,1,0.6186685532331466,0.4484089849820761
4484,TTGCAAAAATCCAAATATTGT,1,0.6598624587059021,0.4484089849820761
4485,TGCAAAAATCCAAATATTGTT,1,0.5481913655996322,0.4484089849820761
4502,TGTTAAGGGACCAGGGAGATG,1,0.922769033908844,0.4484089849820761
4503,GTTAAGGGACCAGGGAGATGC,1,0.9102200448513031,0.4484089849820761
4513,CAGGGAGATGCCACTACCCCT,0,0.43491393476724627,0.4484089849820761
4514,AGGGAGATGCCACTACCCCTT,0,0.30260174088180064,0.4484089849820761
4516,GGAGATGCCACTACCCCTTGA,0,0.15980048142373562,0.4484089849820761
4519,GATGCCACTACCCCTTGATTT,0,0.3258051067590714,0.4484089849820761
4520,ATGCCACTACCCCTTGATTTT,0,0.19247345849871636,0.4484089849820761
4521,TGCCACTACCCCTTGATTTTC,0,0.08303511142730713,0.4484089849820761
4522,GCCACTACCCCTTGATTTTCC,0,0.06796153029426932,0.4484089849820761
4531,CCTTGATTTTCCATCTAAAAA,1,0.5560058355331421,0.4484089849820761
4532,CTTGATTTTCCATCTAAAAAT,1,0.7208106756210327,0.4484089849820761
4535,GATTTTCCATCTAAAAATATA,1,0.5358513742685318,0.4484089849820761
4546,TAAAAATATACATGTTTATGT,1,0.649955478310585,0.4484089849820761
4560,TTTATGTAAACAAATCTTTCC,0,0.14475952871143818,0.4484089849820761
4565,GTAAACAAATCTTTCCATATC,0,0.2186062004417181,0.4484089849820761
4569,ACAAATCTTTCCATATCCATA,0,0.24424597546458243,0.4484089849820761
4570,CAAATCTTTCCATATCCATAG,0,0.36346360445022585,0.4484089849820761
4575,CTTTCCATATCCATAGTGACT,1,0.6214041888713837,0.4484089849820761
4576,TTTCCATATCCATAGTGACTT,1,0.5328126519918441,0.4484089849820761
4584,TCCATAGTGACTTTTCAAGTA,0,0.28665428198874,0.4484089849820761
4589,AGTGACTTTTCAAGTATTTAA,0,0.31211512014269827,0.4484089849820761
4601,AGTATTTAAGCCTAAAGATTT,1,0.8795047521591186,0.4484089849820761
4602,GTATTTAAGCCTAAAGATTTT,1,0.7542017340660095,0.4484089849820761
4616,AGATTTTGATCTCACATTTTT,0,0.18028905913233756,0.4484089849820761
4618,ATTTTGATCTCACATTTTTAT,0,0.1800400223582983,0.4484089849820761
4620,TTTGATCTCACATTTTTATAC,0,0.3059952653944492,0.4484089849820761
4630,CATTTTTATACCTGTTTAAAT,1,0.6383795827627182,0.4484089849820761
4631,ATTTTTATACCTGTTTAAATT,1,0.7256096065044403,0.4484089849820761
4643,GTTTAAATTGCTCACAGTTAT,1,0.8970286250114441,0.4484089849820761
4645,TTAAATTGCTCACAGTTATTA,0,0.48698689937591555,0.4484089849820761
4647,AAATTGCTCACAGTTATTACA,0,0.4834358528256416,0.4484089849820761
4656,ACAGTTATTACATACACATCA,1,0.6045526057481766,0.4484089849820761
4660,TTATTACATACACATCAGCCA,1,0.8676850199699402,0.4484089849820761
4662,ATTACATACACATCAGCCATC,0,0.32791574075818064,0.4484089849820761
4665,ACATACACATCAGCCATCAAC,1,0.511876818537712,0.4484089849820761
4668,TACACATCAGCCATCAACTAA,0,0.48617932498455046,0.4484089849820761
4669,ACACATCAGCCATCAACTAAA,0,0.3012484833598137,0.4484089849820761
4672,CATCAGCCATCAACTAAAGTT,1,0.7446455240249634,0.4484089849820761
4675,CAGCCATCAACTAAAGTTGTA,1,0.5678817212581635,0.4484089849820761
4686,TAAAGTTGTACTTTAAAAATT,1,0.9070077836513519,0.4484089849820761
4699,TAAAAATTTACTACAATATGT,1,0.7091460824012756,0.4484089849820761
4702,AAATTTACTACAATATGTACA,1,0.5247346371412277,0.4484089849820761
4711,ACAATATGTACATTTCTAAGT,1,0.5893107265233993,0.4484089849820761
4716,ATGTACATTTCTAAGTCAAAC,0,0.36619401462376117,0.4484089849820761
4722,ATTTCTAAGTCAAACACTTGT,0,0.37249274253845216,0.4484089849820761
4726,CTAAGTCAAACACTTGTGACT,1,0.591514790058136,0.4484089849820761
4728,AAGTCAAACACTTGTGACTTT,0,0.43704639300704,0.4484089849820761
4735,ACACTTGTGACTTTTGCTTTA,0,0.07107021259143949,0.4484089849820761
4741,GTGACTTTTGCTTTAATTCCA,0,0.4155295118689537,0.4484089849820761
4749,TGCTTTAATTCCATGAATGTT,1,0.6650615394115448,0.4484089849820761
4750,GCTTTAATTCCATGAATGTTC,1,0.6395085990428925,0.4484089849820761
4760,CATGAATGTTCCTGCCTCCTT,0,0.10620263740420341,0.4484089849820761
4761,ATGAATGTTCCTGCCTCCTTG,0,0.23813237994909286,0.4484089849820761
4764,AATGTTCCTGCCTCCTTGATA,0,0.09924303125590087,0.4484089849820761
4765,ATGTTCCTGCCTCCTTGATAT,0,0.12380403392016888,0.4484089849820761
4767,GTTCCTGCCTCCTTGATATTT,0,0.10587653126567602,0.4484089849820761
4768,TTCCTGCCTCCTTGATATTTG,0,0.12024036552757025,0.4484089849820761
4787,TGTATTTATTCTTTTTTTCTC,0,0.17237605918198823,0.4484089849820761
4795,TTCTTTTTTTCTCTAGAGTAG,1,0.7751051366329194,0.4484089849820761
4797,CTTTTTTTCTCTAGAGTAGAG,1,0.7892967224121094,0.4484089849820761
4827,TGTGATATTTCAGAAATACAG,1,0.6696824908256531,0.4484089849820761
4835,TTCAGAAATACAGATAAATGA,1,0.9345954716205597,0.4484089849820761
4848,ATAAATGATTCAAAAAGTCAC,1,0.8586241006851196,0.4484089849820761
4856,TTCAAAAAGTCACAGTTAAGG,1,0.8524440169334412,0.4484089849820761
4858,CAAAAAGTCACAGTTAAGGAG,1,0.9525178790092468,0.4484089849820761
4872,TAAGGAGAATCATGTTTCTTT,0,0.21638612300157548,0.4484089849820761
4879,AATCATGTTTCTTTGATCATG,0,0.4281942918896675,0.4484089849820761
4886,TTTCTTTGATCATGAATAACT,0,0.43278460055589674,0.4484089849820761
4895,TCATGAATAACTGATTAGTAA,1,0.8939556837081909,0.4484089849820761
4908,ATTAGTAAGTCTTGCCTATAT,0,0.1978014526888728,0.4484089849820761
4912,GTAAGTCTTGCCTATATTTTC,0,0.2989408537745476,0.4484089849820761
4913,TAAGTCTTGCCTATATTTTCC,0,0.2867764748632908,0.4484089849820761
4922,CCTATATTTTCCTGATAGCAT,0,0.22864051014184952,0.4484089849820761
4923,CTATATTTTCCTGATAGCATA,0,0.426918263733387,0.4484089849820761
4930,TTCCTGATAGCATATGACAAA,0,0.35390582866966724,0.4484089849820761
4937,TAGCATATGACAAATGTTTCT,0,0.26472666412591933,0.4484089849820761
4946,ACAAATGTTTCTAAGGTAACA,1,0.5430753380060196,0.4484089849820761
4955,TCTAAGGTAACAAGATGAGAA,1,0.5813958525657654,0.4484089849820761
4966,AAGATGAGAACAGATAAAGAT,1,0.8527146518230438,0.4484089849820761
5023,TTTTTAAATGCAGTTACAAAT,1,0.875555294752121,0.4484089849820761
5029,AATGCAGTTACAAATTATAAT,1,0.7768843352794648,0.4484089849820761
5045,ATAATGTATTCATATTTGTAC,0,0.34731480702757833,0.4484089849820761
5055,CATATTTGTACTTTCTGTTAA,0,0.37732296884059907,0.4484089849820761
5059,TTTGTACTTTCTGTTAAAATG,1,0.5755963534116745,0.4484089849820761
5070,TGTTAAAATGCATGATTGCAG,1,0.6018783211708069,0.4484089849820761
5078,TGCATGATTGCAGAATTGTTT,1,0.6490328252315521,0.4484089849820761
5105,TGTGTTTATTCTTGATGAAAA,0,0.3948675416409969,0.4484089849820761
5117,TGATGAAAAGCTTTGTTTGTT,0,0.45894983857870103,0.4484089849820761
5128,TTTGTTTGTTCTTGTTTTTAA,0,0.22355591505765915,0.4484089849820761
5144,TTTAAGTTTGCACTCAAATCT,1,0.8442233562469482,0.4484089849820761
5146,TAAGTTTGCACTCAAATCTTA,0,0.24460325874388217,0.4484089849820761
5148,AGTTTGCACTCAAATCTTAAG,0,0.260174831841141,0.4484089849820761
5153,GCACTCAAATCTTAAGAAATA,1,0.6651493594050407,0.4484089849820761
5167,AGAAATAAATCCACCCATGTT,1,0.6018631160259247,0.4484089849820761
5168,GAAATAAATCCACCCATGTTA,1,0.8251318037509918,0.4484089849820761
5170,AATAAATCCACCCATGTTATC,1,0.630270716547966,0.4484089849820761
5171,ATAAATCCACCCATGTTATCA,0,0.41746917068958284,0.4484089849820761
5172,TAAATCCACCCATGTTATCAA,0,0.3350586101412773,0.4484089849820761
